{"mean": 829.3821548821386, "std": 46.54882154881892, "episode_rewards": [782.8333333333196, 875.9309764309575]}