{"mean": 514.6695434817944, "std": 237.02491570757292, "episode_rewards": [500.1944444444307, 549.6766784452165, 343.1619718309709, 852.90501792113, 528.2878787878672, 315.6073825503319, 492.21523178806484, 278.1127167629947, 579.4999999999861, 83.89716312057182, 736.1666666666525, 134.57462686567655, 678.8123287671049, 812.7231404958673, 834.2079037800502]}