{"std": 45.989660673774154, "episode_rewards": [216.0, 217.0, 220.0, 220.0, 214.0, 218.0, 205.0, 202.0, 209.0, 216.0, 217.0, 229.0, 100.0, 104.0, 100.0], "mean": 192.46666666666667}