{"episode_rewards": [198.0, 212.0, 220.0, 102.0, 195.0, 231.0, 212.0, 220.0, 225.0, 209.0, 200.0, 220.0, 210.0, 230.0, 211.0], "mean": 206.33333333333334, "std": 29.785156631375227}