{"std": 480.1155002546856, "episode_rewards": [1401.6936026935705, 1338.5189003435812, 553.4881720430119, 754.7382789317434, 554.3277258566904, -49.6366782006918, -71.99867986798678, 980.8181818181561, 142.20000000000175, 708.6303797468288, -68.78181818181815, 35.28321167883056, 60.01818181818249, 522.1003610108221, 152.13962264151297], "mean": 467.56929615549564}