{"std": 1.0715424122121964, "episode_rewards": [-30.671074380165262, -34.04210526315788, -34.73894080996884, -33.01560283687942, -34.660815047021934, -34.77763975155278, -34.69999999999999, -33.594557823129236, -32.60145985401458, -33.9549668874172, -32.43985239852396, -33.35916955017299, -34.128104575163384, -33.164912280701735, -33.910963455149485], "mean": -33.58401099420124}