{"std": 471.49591261908324, "episode_rewards": [1064.8227848100942, 528.8073089700881, 714.263829787228, 638.4496732026084, -6.075836431227785, 1571.893772893739, 556.7133858267657, 189.69523809524497, 542.2549520766667, 1129.935251798544, 1401.6490066225033, 421.2719723183437, -24.161904761905262, 243.44444444444406, 220.69387755102474], "mean": 612.910517146944}