{"std": 501.78516166056386, "episode_rewards": [1329.546099290741, 307.6909090909154, 684.290965732079, 108.4612244897994, 1351.795031055864, 424.1484276729625, 792.0977099236565, -68.99249146757664, 772.468592057744, 538.4559139784913, 569.9405017921114, 1568.8412698412244, 837.1681159420189, 1391.8571428571054, 1505.2937062936617], "mean": 807.5375412367198}