{"episode_rewards": [137.0, 137.0, 143.0, 135.0, 133.0, 152.0, 137.0, 148.0, 140.0, 135.0, 146.0, 144.0, 139.0, 138.0, 135.0], "std": 5.322488974989887, "mean": 139.93333333333334}