{"std": 102.1847782206459, "mean": 695.7099999999639, "episode_rewards": [658.9999999999498, 572.0999999999465, 484.8999999999446, 709.7999999999656, 659.3999999999538, 781.5999999999807, 731.2999999999778, 717.6999999999622, 793.3999999999768, 847.8999999999813]}