{"mean_all_episodes": 801.2999999999657, "std_all_episodes": 61.83769077190541, "number_episodes": 7, "episode_rewards": [848.1999999999772, 845.7999999999747, 658.5999999999312, 809.8999999999654, 799.5999999999715, 847.5999999999751, 799.3999999999652]}