{"mean_all_episodes": 780.6555555555175, "std_all_episodes": 58.329697241186445, "number_episodes": 18, "episode_rewards": [848.1999999999772, 845.7999999999747, 658.5999999999312, 809.8999999999654, 799.5999999999715, 847.5999999999751, 799.3999999999652, 739.9999999999494, 740.5999999999585, 781.399999999956, 676.8999999999447, 838.8999999999762, 742.199999999952, 715.199999999944, 745.2999999999481, 838.3999999999769, 841.6999999999788, 782.0999999999694]}