{"mean": 693.8533333332957, "episode_rewards": [695.2999999999499, 788.7999999999813, 816.3999999999907, 652.1999999999424, 493.7999999999157, 648.1999999999484, 690.299999999962, 678.0999999999517, 479.29999999991276, 743.6999999999874, 703.599999999996, 771.8999999999833, 711.3999999999719, 709.1999999999667, 825.5999999999775], "std": 96.86440603007827}