{"mean_all_episodes": 846.9999999999759, "std_all_episodes": 1.2000000000012392, "number_episodes": 2, "episode_rewards": [848.1999999999772, 845.7999999999747]}