{"mean_all_episodes": 790.6249999999621, "std_all_episodes": 77.71950768631291, "number_episodes": 4, "episode_rewards": [848.1999999999772, 845.7999999999747, 658.5999999999312, 809.8999999999654]}