{"mean_all_episodes": 779.1615384614997, "std_all_episodes": 61.1530053159549, "number_episodes": 13, "episode_rewards": [848.1999999999772, 845.7999999999747, 658.5999999999312, 809.8999999999654, 799.5999999999715, 847.5999999999751, 799.3999999999652, 739.9999999999494, 740.5999999999585, 781.399999999956, 676.8999999999447, 838.8999999999762, 742.199999999952]}