{"mean_all_episodes": 787.7444444444076, "std_all_episodes": 60.14399593405169, "number_episodes": 9, "episode_rewards": [848.1999999999772, 845.7999999999747, 658.5999999999312, 809.8999999999654, 799.5999999999715, 847.5999999999751, 799.3999999999652, 739.9999999999494, 740.5999999999585]}