{"std": 2.2050447211388304, "episode_rewards": [88.0, 89.0, 93.0, 86.0, 89.0, 92.0, 89.0, 91.0, 85.0, 88.0, 91.0, 87.0, 91.0, 88.0, 87.0], "mean": 88.93333333333334}