{"mean": 9.333333333333334, "episode_rewards": [9.0, 10.0, 9.0, 10.0, 10.0, 8.0, 9.0, 11.0, 9.0, 10.0, 10.0, 8.0, 9.0, 9.0, 9.0], "std": 0.7888106377466154}