{"episode_rewards": [9.0, 9.0, 9.0, 10.0, 9.0, 11.0, 8.0, 9.0, 8.0, 10.0, 9.0, 9.0, 9.0, 8.0, 10.0], "std": 0.8055363982396381, "mean": 9.133333333333333}