{"mean": 90.46666666666667, "std": 2.1249836600678966, "episode_rewards": [94.0, 87.0, 93.0, 93.0, 87.0, 91.0, 90.0, 90.0, 90.0, 88.0, 92.0, 92.0, 91.0, 88.0, 91.0]}