{"std": 0.7717224601860151, "mean": 9.266666666666667, "episode_rewards": [8.0, 11.0, 9.0, 8.0, 10.0, 10.0, 9.0, 10.0, 9.0, 9.0, 10.0, 9.0, 9.0, 9.0, 9.0]}