{"episode_rewards": [296.0, 233.0, 286.0, 288.0, 256.0, 331.0, 217.0, 333.0, 285.0, 252.0, 307.0, 252.0, 244.0, 393.0, 243.0], "std": 44.913942403470024, "mean": 281.06666666666666}