{"episode_rewards": [9.0, 10.0, 9.0, 9.0, 8.0, 9.0, 10.0, 8.0, 9.0, 10.0, 9.0, 10.0, 9.0, 10.0, 8.0], "std": 0.7180219742846006, "mean": 9.133333333333333}