{"episode_rewards": [9.0, 9.0, 9.0, 9.0, 9.0, 9.0, 10.0, 10.0, 9.0, 10.0, 9.0, 9.0, 8.0, 9.0, 8.0], "std": 0.573488351136175, "mean": 9.066666666666666}